{"assets/audios/favicon.png":["assets/audios/favicon.png"],"assets/fonts/Poppins-Medium.ttf":["assets/fonts/Poppins-Medium.ttf"],"assets/fonts/Poppins-Regular.ttf":["assets/fonts/Poppins-Regular.ttf"],"assets/fonts/Poppins-SemiBold.ttf":["assets/fonts/Poppins-SemiBold.ttf"],"assets/fonts/Roboto-Medium.ttf":["assets/fonts/Roboto-Medium.ttf"],"assets/fonts/Roboto-Regular.ttf":["assets/fonts/Roboto-Regular.ttf"],"assets/fonts/favicon.png":["assets/fonts/favicon.png"],"assets/images/app_launcher_icon.png":["assets/images/app_launcher_icon.png"],"assets/images/cooking.png":["assets/images/cooking.png"],"assets/images/default-ingredient.png":["assets/images/default-ingredient.png"],"assets/images/error_image.png":["assets/images/error_image.png"],"assets/images/favicon.png":["assets/images/favicon.png"],"assets/lottie_animations/favicon.png":["assets/lottie_animations/favicon.png"],"assets/pdfs/favicon.png":["assets/pdfs/favicon.png"],"assets/rive_animations/favicon.png":["assets/rive_animations/favicon.png"],"assets/videos/favicon.png":["assets/videos/favicon.png"],"packages/cupertino_icons/assets/CupertinoIcons.ttf":["packages/cupertino_icons/assets/CupertinoIcons.ttf"],"packages/font_awesome_flutter/lib/fonts/fa-brands-400.ttf":["packages/font_awesome_flutter/lib/fonts/fa-brands-400.ttf"],"packages/font_awesome_flutter/lib/fonts/fa-regular-400.ttf":["packages/font_awesome_flutter/lib/fonts/fa-regular-400.ttf"],"packages/font_awesome_flutter/lib/fonts/fa-solid-900.ttf":["packages/font_awesome_flutter/lib/fonts/fa-solid-900.ttf"]}